"","drug","genotype","IC50","hill","cor","free.alpha","eff.alpha","eff.max.alpha","Actual_Clinical"
"1","Imatinib","WT",190.187413120712,2.58387271683526,0.98200283720266,0.260306452533324,0.765555139273455,0.977134201803218,"0"
"2","Imatinib","M244V",147.12133604875,1.64872636988396,0.970703462166864,0.33112095398738,0.65704537010748,0.786065695646965,"1"
"3","Imatinib","L248V",789.542682181056,2.32539522860814,0.947030164636653,0.0138710107046162,0.0776244219667158,0.132064426134731,"1"
"4","Imatinib","G250E",1363.23099476729,1.52365186195438,0.894120737550845,0.0178255422015003,0.0554560613945851,0.079999896752051,"1"
"5","Imatinib","Q252H",1006.94297860059,2.84797959543123,0.955507795536148,0.00346596307112415,0.0308885378944659,0.0626580705508831,"1"
"6","Imatinib","Y253F",1117.37058200307,1.73744594692506,0.94318921038765,0.0167868386417943,0.0611043073584938,0.0923165509834984,"1"
"7","Imatinib","Y253H",4283.29318231595,2.56438781799067,0.878818710959724,0.000133911995949242,0.000995085113449946,0.00196287173877239,"1"
"8","Imatinib","E255K",1205.52509268213,2.82431509101117,0.93098597326924,0.00216944179373196,0.0192792435760041,0.0395650462865667,"1"
"9","Imatinib","E255V",5695.95387155409,5.01027584697136,0.777926215608281,1.85202333433137e-08,9.34486744671432e-07,3.5337366446413e-06,"1"
"10","Imatinib","D276G",221.150810701227,1.53698527896542,0.970938665600785,0.20983280920896,0.455280437382735,0.561502625452801,"1"
"11","Imatinib","V299L",163.10935674347,2.31606800763982,0.969425077059387,0.326088649639701,0.804373157015867,0.995330832664335,"N"
"12","Imatinib","T315I",4381.23756503516,0.879027137609123,0.550364109561239,0.0216755969205806,0.0418223252611103,0.0519963597222116,"1"
"13","Imatinib","F317L",446.329413396559,2.45773870262615,0.976446971300094,0.0449112040442224,0.228912511831815,0.354414751884755,"1"
"14","Imatinib","M351T",516.980989763508,2.82201982210666,0.947007326870576,0.0230205870851052,0.167098970501784,0.288577802736341,"1"
"15","Imatinib","E355A",421.11339338298,3.29181116709824,0.921215414810049,0.0288893783484687,0.261347123473871,0.44955385368337,"1"
"16","Imatinib","E355G",463.484049855116,2.14576308540863,0.977302863661895,0.0523582139698967,0.216043629766742,0.32004328353014,"1"
"17","Imatinib","F359C",771.484579685025,3.40737215734546,0.952500883928044,0.00350664370274992,0.0472249832157014,0.106411973062168,"1"
"18","Imatinib","F359I",351.294179282284,1.84139286111479,0.956388001890204,0.10354044470767,0.310614833637401,0.418496166756857,"1"
"19","Imatinib","F359L",39.9652010413686,1.37195334821563,0.975068736912637,0.777284958377572,1.1131695422427,1.23095000136274,"1"
"20","Imatinib","F359V",546.33389165662,3.46558779836139,0.939719960051518,0.0106138914733657,0.132330900457341,0.266276219814387,"1"
"21","Imatinib","H396P",1720.02699224126,2.4087652155631,0.951954427197665,0.00193281558022451,0.0125305311507733,0.0233651221488913,"1"
"22","Imatinib","H396R",498.096530699542,1.05143850135027,0.951778797821882,0.109566996399099,0.211510357038931,0.258466527370602,"1"
"23","Imatinib","E459K",337.16819773121,2.79900422002374,0.948616607987834,0.0721546705016882,0.383591712220149,0.570815666760936,"1"
"24","Imatinib","F486S",1528.9072875975,3.2436991498811,0.972320216505695,0.000476668761456674,0.0059856738701818,0.0139912355253749,"1"
"25","Nilotinib","WT",15.5192604115105,2.13860309405129,0.983198500916644,0.9235150991737,1.52409183927447,1.71254722223719,"0"
"26","Nilotinib","M244V",24.0885298941102,2.05416233197799,0.960897258983993,0.621443263948894,1.16967593647414,1.34789927605715,"0"
"27","Nilotinib","L248V",53.8826474623051,1.18175169993108,0.975514186511481,0.235116088740865,0.44998369416502,0.53074708774466,"0"
"28","Nilotinib","G250E",138.368724504188,1.35937398040854,0.954185869493216,0.0836692855246139,0.218881034395588,0.282461923478994,"0"
"29","Nilotinib","Q252H",44.1509168333827,1.62891783211625,0.98842871368866,0.296008979949779,0.642880748775954,0.770052840416135,"N"
"30","Nilotinib","Y253F",55.082277926625,1.93812440307473,0.985115552885282,0.230566544169349,0.616723179430644,0.76703388565779,"N"
"31","Nilotinib","Y253H",720.454021057423,2.45655387812755,0.957157995023774,0.000599679193907999,0.00502261563307074,0.00959891393068467,"1"
"32","Nilotinib","E255K",91.7241887223527,2.07861458093246,0.966397653666336,0.0988918657691839,0.37688663486979,0.512287749927928,"1"
"33","Nilotinib","E255V",555.553690466057,2.09362297496577,0.957259063230067,0.00262066937784707,0.0158083366007271,0.0271459595600399,"N"
"34","Nilotinib","D276G",15.1068574522002,1.46770177245144,0.992837319282376,0.678792927573742,1.07048003328787,1.19646776775845,"0"
"35","Nilotinib","V299L",24.9722783480579,2.02626050883045,0.979025397440512,0.594597002509543,1.1308622457079,1.30613004426618,"N"
"36","Nilotinib","T315I",42129.3379606486,3.03518974397214,0.851789512062047,5.87107844339846e-10,8.17912810485865e-09,1.8363428728302e-08,"1"
"37","Nilotinib","F317L",46.9867481403132,1.61175564673667,0.98079415183875,0.276025683112006,0.609280912019842,0.733184926814787,"0"
"38","Nilotinib","M351T",20.1479777567342,1.87873005926684,0.99112136601093,0.675935380749907,1.18213659457123,1.34520308013213,"0"
"39","Nilotinib","E355A",32.7406124318948,2.29735669450937,0.969413930422328,0.485630929783266,1.07533253305697,1.27327172168583,"N"
"40","Nilotinib","E355G",26.0428461779878,1.8077369638411,0.989451503029534,0.527219073474419,0.990943213728348,1.14492684679747,"N"
"41","Nilotinib","F359C",122.054595655991,2.43431437687502,0.982335651570938,0.0447373492864224,0.26097878474633,0.395175098400726,"N"
"42","Nilotinib","F359I",116.252005991676,1.86451721736926,0.977165207374403,0.0737726922106704,0.27022653128872,0.372091139053952,"1"
"43","Nilotinib","F359L",10.1527188316526,1.29534306461849,0.976962001630209,0.764942357160483,1.11618332538028,1.22780211486517,"N"
"44","Nilotinib","F359V",118.050754309162,2.66909543040566,0.956332234036269,0.0408011951094577,0.280555556192116,0.435084701766027,"1"
"45","Nilotinib","H396P",129.793915602627,2.13403594660186,0.955949907514266,0.0494856002841206,0.234355050648849,0.343335142764848,"N"
"46","Nilotinib","H396R",75.3780229572225,0.759516505067021,0.940391842392551,0.193533395679137,0.30829955443396,0.350616440161264,"0"
"47","Nilotinib","E459K",23.6277364341671,1.77731849641951,0.980824472981499,0.567594998128827,1.03022851033955,1.18232621362265,"0"
"48","Nilotinib","F486S",68.117921439346,2.25147056457598,0.980258053705174,0.160353803011559,0.559625601765071,0.730294730686909,"N"
"49","Dasatinib","WT",2.40345881567943,2.65206024863616,0.981114180863221,0.0395059777745072,1.35043348543263,3.00549414892036,"0"
"50","Dasatinib","M244V",2.92012045732891,1.72595838826956,0.973969944649003,0.0567018228780162,0.795210772458085,1.84523966665708,"0"
"51","Dasatinib","L248V",6.78180104716635,1.18736565576902,0.980341162464716,0.0363910144798888,0.340317565622571,0.95460128513059,"0"
"52","Dasatinib","G250E",7.9807545680447,1.66812889274288,0.970232945654694,0.0120048724395058,0.332052582791979,1.23148235799265,"0"
"53","Dasatinib","Q252H",3.94179171048007,1.86439416269526,0.891158313125152,0.0295170336451625,0.683670818178392,1.80685229100444,"N"
"54","Dasatinib","Y253F",1.26471767883637,1.86712063518569,0.987225432808469,0.190446771826786,1.35204531797849,2.51569602745358,"N"
"55","Dasatinib","Y253H",5.85342975413906,2.34370952896187,0.989096797522026,0.00656179179545447,0.561309066816314,1.96154966886036,"0"
"56","Dasatinib","E255K",5.28371017310631,2.21609184813997,0.984405587562909,0.01013653318967,0.60157776863289,1.93052434749575,"0"
"57","Dasatinib","E255V",8.68969256838932,1.80731675716007,0.966621575076188,0.00786102122606799,0.309571984875673,1.28109298180196,"0"
"58","Dasatinib","D276G",1.62289500928785,2.07917463624532,0.99023197751001,0.122814736263828,1.33247209199567,2.62851715361903,"N"
"59","Dasatinib","V299L",13.2539964882321,2.78294974787495,0.970869524331758,0.000326907318294434,0.155679461829945,1.57291293257921,"1"
"60","Dasatinib","T315I",9836.28624408609,3.54819766185644,0.908741040282176,3.1826393372588e-15,1.12354570093959e-11,8.82485096689244e-09,"1"
"61","Dasatinib","F317L",15.4630590516685,2.6422884370524,0.983334049061796,0.000308736159709932,0.113732016204258,1.36047595658506,"1"
"62","Dasatinib","M351T",3.895046110902,3.74258865015518,0.990468734279643,0.0029230965020639,1.30194878450885,3.63900059550668,"0"
"63","Dasatinib","E355A",3.37500976005862,2.47619859424888,0.981497320277723,0.0201407110210783,0.992621328033222,2.52611420597912,"N"
"64","Dasatinib","E355G",2.70815250740632,2.04303503020239,0.99169353105141,0.0491020268159554,0.973023961301045,2.23439957330798,"0"
"65","Dasatinib","F359C",3.31382148587625,2.84049212672432,0.99423797095836,0.0142285793955443,1.14685806741981,2.91493209929224,"0"
"66","Dasatinib","F359I",3.66102605971347,1.91421152820287,0.978062027312047,0.0317965389572957,0.74026610341046,1.90187362289819,"0"
"67","Dasatinib","F359L",1.29717312916557,2.17067195994502,0.981901001511367,0.17670877878732,1.54995714288759,2.90620710023784,"N"
"68","Dasatinib","F359V",3.4237918143807,2.03571936514636,0.980359925007947,0.0315029844590989,0.821612941919933,2.06755308640042,"0"
"69","Dasatinib","H396P",2.55304884534883,1.7035839250926,0.963317527756899,0.0712365196381688,0.856017086482473,1.89742932975336,"N"
"70","Dasatinib","H396R",6.35404920683866,0.558326779780442,0.884737546835374,0.106300946041374,0.28601441746453,0.528260980740911,"0"
"71","Dasatinib","E459K",2.1361696195261,1.67029633620626,0.988019154400004,0.0950662656188763,0.933381664854775,1.95944143238011,"N"
"72","Dasatinib","F486S",5.82707460018368,2.35448456575053,0.985647730445842,0.00651396220552023,0.566046106169731,1.97407088446586,"N"
"73","Bosutinib","WT",51.7918899972492,3.49148441253197,0.984850386277756,0.00344352718085668,1.31200484827465,1.63171634417483,"0"
"74","Bosutinib","M244V",88.6133729921992,2.95333920604535,0.97595741556523,0.00142963775210754,0.630103582015182,0.874508943928534,"N"
"75","Bosutinib","L248V",218.113122927569,2.03492436844518,0.974713860393033,0.00124540463183895,0.140790826890421,0.218440837910286,"N"
"76","Bosutinib","G250E",140.927745125771,1.82233230177755,0.952967791869607,0.004921630916468,0.269705584421356,0.373736838848647,"N"
"77","Bosutinib","Q252H",110.641841508456,3.77357876436656,0.967382842133417,0.000136427982588493,0.531695269573459,0.834494514392963,"N"
"78","Bosutinib","Y253F",27.6074632337043,1.84541863253127,0.980854230587279,0.0837470750647901,1.08991655632069,1.25592283538453,"N"
"79","Bosutinib","Y253H",76.8989524740938,2.82290774806941,0.980922052537788,0.00270861563307116,0.723874549023053,0.964314527625824,"N"
"80","Bosutinib","E255K",128.72643217627,4.00467799217305,0.968936963748861,4.61511430841391e-05,0.400985803699913,0.697249144946368,"N"
"81","Bosutinib","E255V",143.96995413368,1.546955018298,0.923399335533849,0.00893925547457783,0.257633284660408,0.342391315947655,"N"
"82","Bosutinib","D276G",55.1163770408819,4.22420225151812,0.985400776777879,0.00101898947463588,1.4955612350015,1.88468616193467,"N"
"83","Bosutinib","V299L",1696.07725305021,2.73647872677155,0.889740245033938,6.63626982828881e-07,0.000512049878006037,0.00109536640423996,"N"
"84","Bosutinib","T315I",3391.17561662601,11.4860701544507,0.986050758011285,0,1.48029736616688e-16,4.44089209850066e-15,"1"
"85","Bosutinib","F317L",86.9596402318173,2.58787759574009,0.975426451415736,0.0029395748697808,0.58404066631808,0.792956603816701,"N"
"86","Bosutinib","M351T",52.6916045386759,2.93632885942364,0.965305464176841,0.00673432598723176,1.09377513934236,1.35900750206475,"N"
"87","Bosutinib","E355A",70.6923587765707,4.48418305256589,0.960897877897056,0.000234018127457806,1.22025945349982,1.6299318587395,"N"
"88","Bosutinib","E355G",73.2164657529145,4.24700928816167,0.96879685166854,0.000295999917451484,1.10997961082187,1.49544830680533,"N"
"89","Bosutinib","F359C",61.0517668681276,2.62801158870794,0.975793425169018,0.00688004355498468,0.864402981920116,1.09492511462405,"N"
"90","Bosutinib","F359I",67.9091637905302,5.59298934279331,0.949766806435718,4.86601018051958e-05,1.58889558098263,2.10531298962021,"N"
"91","Bosutinib","F359L",35.749562119642,3.34368166010617,0.979714247653683,0.0141984489002433,1.665593353098,1.97430060298094,"N"
"92","Bosutinib","F359V",86.505064410311,4.52666194007837,0.971841094161497,8.76241124545685e-05,0.939009866604308,1.3442014296796,"N"
"93","Bosutinib","H396P",49.6301010411138,2.73917090684948,0.978628542601025,0.0102491925169131,1.07653737213651,1.32344297414878,"N"
"94","Bosutinib","H396R",74.9522987601343,1.3151215008608,0.948557175866907,0.0348121559218964,0.435087076766526,0.528136926845415,"N"
"95","Bosutinib","E459K",41.5976256944012,1.66211638097229,0.962520728373429,0.0505207360795938,0.776975862223635,0.918893858636272,"N"
"96","Bosutinib","F486S",102.720005494245,3.07292026170426,0.951852974272026,0.000728967772466127,0.524865773008305,0.767595163118294,"N"
"97","Ponatinib","WT",1.21282046579786,3.34423023370999,0.963251447209067,7.9133816991709e-05,3.4994740236789,3.89706866298688,"0"
"98","Ponatinib","M244V",1.52906657957847,1.40146022913614,0.986431947751445,0.00721511983280122,1.36388805046602,1.52831137767206,"0"
"99","Ponatinib","L248V",3.20454269915183,1.71255736611059,0.975943279899061,0.000878204702129344,1.24544324495303,1.44539944823945,"N"
"100","Ponatinib","G250E",5.22058413310535,1.26928489602303,0.974168581687945,0.00219368364014519,0.747991606709399,0.885774518057629,"0"
"101","Ponatinib","Q252H",3.89688372174709,2.23122288850002,0.985758761223327,9.40962396966468e-05,1.47074489613312,1.73379266492956,"N"
"102","Ponatinib","Y253F",1.13569625924578,1.9522326238457,0.973466506744706,0.00288986478126483,2.08624674379081,2.31803079357503,"N"
"103","Ponatinib","Y253H",4.76198923951512,1.99890659861753,0.983841427241008,0.000147584339464248,1.18990309815044,1.42273561287199,"N"
"104","Ponatinib","E255K",2.65110658705011,2.12533151246326,0.985374941121951,0.00031435421339781,1.67217970326686,1.92368781098697,"0"
"105","Ponatinib","E255V",10.1688729329307,1.72917579818823,0.972412551878126,0.000112688020968845,0.63714914336606,0.819236744593625,"0"
"106","Ponatinib","D276G",1.34548599890287,1.92231869601026,0.994030025722327,0.00224568806197259,1.94600655347162,2.17407173310974,"N"
"107","Ponatinib","V299L",0.880839125462075,2.51000456327124,0.988697866567632,0.00141339290337221,2.89416271220073,3.19254786424946,"0"
"108","Ponatinib","T315I",6.14559524994768,1.83647187844196,0.977682929198627,0.000173028888342772,0.948284684893065,1.15717936405884,"0"
"109","Ponatinib","F317L",1.88899623360226,1.94328031333349,0.984708860615283,0.00110175761364528,1.74822733524226,1.97838674717651,"0"
"110","Ponatinib","M351T",2.09324337503583,3.20552472119417,0.992414109585311,1.94511727975545e-05,2.77124693367374,3.15230138234804,"N"
"111","Ponatinib","E355A",2.34898268422705,1.81715808594919,0.985923268504818,0.00107417108134188,1.50477759266725,1.71907682897335,"0"
"112","Ponatinib","E355G",3.15194587483216,3.22020713437936,0.986374238448891,4.97899300078744e-06,2.34480265663822,2.7274577726276,"N"
"113","Ponatinib","F359C",2.67265411178903,2.16795994250359,0.988284307856252,0.000268626591393324,1.69964899708802,1.95630401950871,"0"
"114","Ponatinib","F359I",3.28594796362278,1.07975573787127,0.978329435703301,0.00759103805040441,0.802586353380005,0.921228857095031,"0"
"115","Ponatinib","F359L",0.588884194707168,2.20298161568796,0.981538667737496,0.00664024528389986,2.83584089448654,3.09772037323562,"N"
"116","Ponatinib","F359V",2.57002619296885,1.27790969652331,0.982041871821642,0.00522036271084874,1.03273250068188,1.17911249999621,"0"
"117","Ponatinib","H396P",1.80155976946731,1.43472254752586,0.992038213921219,0.00522352900961827,1.31852297432853,1.48653315202365,"0"
"118","Ponatinib","H396R",2.61571096993899,2.33319914799533,0.97702083131122,0.000164154426498485,1.84506504198007,2.12171917030794,"N"
"119","Ponatinib","E459K",1.60092032099847,1.66362929783866,0.987892351580445,0.00328934494731797,1.58973597227101,1.78625908389654,"0"
"120","Ponatinib","F486S",5.54663839205763,3.00913184612054,0.988758942472282,1.88304954194584e-06,1.62648405634504,1.98257303199281,"N"
