primary,secondary,drug,serum,IC50,hill,free.Cave,eff.Cave,eff.Cmax,free.Cave.alpha,eff.Cave.alpha
Ex9Mut,D816H,Avapritinib,FALSE,34.84779382,3.480542921,15.444,326.6426847,413.9504419,0.019068636,2.596480415
Ex9Mut,V654A,Avapritinib,FALSE,144.3219809,3.609471394,15.444,326.6426847,413.9504419,0.000104606,0.999796628
Ex9Mut,WT,Avapritinib,FALSE,62.05477454,2.557924074,15.444,326.6426847,413.9504419,0.0093699,1.4208379
Ex9Mut,D816H,Ripretinib,FALSE,109.0975516,3.917448085,4.252,79.42022062,116.2165129,1.01E-06,0.084441565
Ex9Mut,V654A,Ripretinib,FALSE,145.9138158,2.483833921,4.252,79.42022062,116.2165129,5.12E-05,0.066482436
Ex9Mut,WT,Ripretinib,FALSE,48.98156375,2.493869397,4.252,79.42022062,116.2165129,0.00075041,0.489121841
Ex11Mut,D816H,Avapritinib,FALSE,18.05196946,2.17997565,15.444,292.3523738,370.4947332,0.179155139,2.024298778
Ex11Mut,D820A,Avapritinib,FALSE,42.20056773,3.618974179,15.444,292.3523738,370.4947332,0.008656324,2.335175488
Ex11Mut,N822K,Avapritinib,FALSE,55.93378281,2.622954755,15.444,292.3523738,370.4947332,0.011208549,1.450266702
Ex11Mut,T670I,Avapritinib,FALSE,693.6640384,8.136493649,15.444,292.3523738,370.4947332,1.20E-14,0.0002948
Ex11Mut,V654A,Avapritinib,FALSE,364.7736802,4.850517922,15.444,292.3523738,370.4947332,7.28E-08,0.098006216
Ex11Mut,WT,Avapritinib,FALSE,52.46933536,3.584316942,15.444,292.3523738,370.4947332,0.004134167,2.05300288
Ex11Mut,D816G,Avapritinib,FALSE,40.27655405,2.565402228,15.444,292.3523738,370.4947332,0.027351507,1.697094856
Ex11Mut,D816V,Avapritinib,FALSE,7.743219783,1.521830607,15.444,292.3523738,370.4947332,0.450186526,1.843319147
Ex11Mut,D816Y,Avapritinib,FALSE,17.38866558,1.375920867,15.444,292.3523738,370.4947332,0.204960426,1.301140679
Ex11Mut,D820G,Avapritinib,FALSE,52.55029753,3.657745115,15.444,292.3523738,370.4947332,0.003759949,2.093086252
Ex11Mut,Y823D,Avapritinib,FALSE,100.8981727,2.992502778,15.444,292.3523738,370.4947332,0.001210127,1.074723384
Ex11Mut,V560D,Avapritinib,FALSE,282.4202569,3.160657893,15.444,292.3523738,370.4947332,3.42E-05,0.249753357
Ex11Mut,A829P,Avapritinib,FALSE,106.0991702,2.093597457,15.444,292.3523738,370.4947332,0.005845534,0.745059576
Ex11Mut,D816H,Ripretinib,FALSE,35.09575754,2.482190684,4.252,77.39753001,113.2566867,0.001763604,0.698166717
Ex11Mut,D820A,Ripretinib,FALSE,18.54560963,2.526482324,4.252,77.39753001,113.2566867,0.007972885,1.212114074
Ex11Mut,N822K,Ripretinib,FALSE,13.12726235,2.179027676,4.252,77.39753001,113.2566867,0.027420968,1.295630646
Ex11Mut,T670I,Ripretinib,FALSE,184.056323,2.244585547,4.252,77.39753001,113.2566867,7.08E-05,0.044571127
Ex11Mut,V654A,Ripretinib,FALSE,159.3660464,3.370440958,4.252,77.39753001,113.2566867,1.65E-06,0.02800933
Ex11Mut,WT,Ripretinib,FALSE,8.919522394,2.539968632,4.252,77.39753001,113.2566867,0.047260355,1.830756294
Ex11Mut,D816G,Ripretinib,FALSE,18.57339916,2.34693806,4.252,77.39753001,113.2566867,0.010313421,1.128034549
Ex11Mut,D816V,Ripretinib,FALSE,50.06549165,1.888603897,4.252,77.39753001,113.2566867,0.003149446,0.395610433
Ex11Mut,D816Y,Ripretinib,FALSE,36.96533963,2.143726681,4.252,77.39753001,113.2566867,0.003216551,0.590246008
Ex11Mut,D820G,Ripretinib,FALSE,12.53597376,2.888202102,4.252,77.39753001,113.2566867,0.014364464,1.754246782
Ex11Mut,Y823D,Ripretinib,FALSE,28.76890782,2.281223762,4.252,77.39753001,113.2566867,0.004226237,0.785705394
Ex11Mut,V560D,Ripretinib,FALSE,132.8323777,2.384224455,4.252,77.39753001,113.2566867,9.10E-05,0.08121137
Ex11Mut,A829P,Ripretinib,FALSE,128.6072033,2.195788045,4.252,77.39753001,113.2566867,0.000186859,0.094533571
V560D,V560D,Avapritinib,FALSE,79.68206572,2.735539861,15.444,245.4332121,311.0346301,0.003724793,1.040825354
V560D,V654A,Avapritinib,FALSE,188.7984333,3.056781998,15.444,245.4332121,311.0346301,0.000158243,0.390811178
V560D,WT,Avapritinib,FALSE,33.3015228,2.505836803,15.444,245.4332121,311.0346301,0.045371011,1.670631149
V560D,D816H,Avapritinib,FALSE,6.937820669,2.521378436,15.444,245.4332121,311.0346301,0.714175199,2.997151226
V560D,V560D,Ripretinib,FALSE,60.40515521,2.700013058,4.252,78.12428716,114.3201587,0.000257631,0.366508124
V560D,V654A,Ripretinib,FALSE,119.5811149,2.534357314,4.252,78.12428716,114.3201587,7.09E-05,0.097552233
V560D,WT,Ripretinib,FALSE,8.489539443,1.93645714,4.252,78.12428716,114.3201587,0.077597525,1.437135562
V560D,D816H,Ripretinib,FALSE,20.95451544,2.810450221,4.252,78.12428716,114.3201587,0.003746973,1.240954818
