"","drug","genotype","IC50","hill","cor","free.alpha","eff.alpha","eff.max.alpha","Actual_Clinical"
"1","Bosutinib","WT",51.7876521808398,3.4993410172801,0.985758235641322,1.59621604909776,2.50649382676415,2.81605033209016,"0"
"2","Bosutinib","M244V",90.9375641598031,3.02272877040159,0.9820090965846,0.837313349354381,1.60041585259333,1.86638987938328,"N"
"3","Bosutinib","L248V",218.228459830086,2.15601778424345,0.978839050237354,0.206068363621928,0.575714114343098,0.739622109904881,"N"
"4","Bosutinib","G250E",133.234800125497,1.78034660366105,0.974415790955867,0.37888715867962,0.751312843795666,0.895411972391013,"N"
"5","Bosutinib","Q252H",114.321402977087,4.2553660362564,0.966365460837773,0.842231818153374,1.92560991474671,2.30147864763307,"N"
"6","Bosutinib","Y253F",26.9622252110344,1.77177603743268,0.980913125583524,1.2014625990808,1.65679875572272,1.81271868404163,"N"
"7","Bosutinib","Y253H",71.9637252360237,2.38296887917401,0.989911943135714,0.850781170744591,1.44973337664135,1.65858390449364,"N"
"8","Bosutinib","E255K",125.648360850521,3.31393418057643,0.977539045439587,0.591795074899727,1.39947861664667,1.68979511109918,"N"
"9","Bosutinib","E255V",157.981775066601,2.08742172636054,0.969845368942327,0.329562956082646,0.755493458999892,0.925177814478788,"N"
"10","Bosutinib","D276G",55.0429836319513,4.17479372245081,0.986293958357311,1.81759390114302,2.90530774854969,3.27470964754793,"N"
"11","Bosutinib","V299L",NA,NA,NA,NA,NA,NA,"N"
"12","Bosutinib","T315I",3770.6618360929,16.1844371967297,0.995053588310213,0,2.96059473233375e-16,2.25745348340456e-14,"1"
"13","Bosutinib","F317L",87.1928515122574,2.62589432277542,0.98140130407532,0.774098219137727,1.42933383429545,1.65940040332103,"N"
"14","Bosutinib","M351T",47.77519727175,2.49463867615788,0.975178847087781,1.21190371583156,1.85505966881914,2.07519811468216,"N"
"15","Bosutinib","E355A",71.256655636611,3.82667295051271,0.973102872402349,1.34141679426173,2.333982575965,2.67242137931926,"N"
"16","Bosutinib","E355G",71.8670304541046,4.55241491636447,0.972435160314012,1.5786623963419,2.76341006354204,3.16620659377253,"N"
"17","Bosutinib","F359C",60.720786295426,2.72455773730732,0.981209789151067,1.1083199717952,1.80834237868995,2.04868885140667,"N"
"18","Bosutinib","F359I",66.6245642029241,3.72114843217558,0.977358951452626,1.38718628657359,2.35298429327975,2.68209863246732,"N"
"19","Bosutinib","F359L",36.5856814634176,3.27760601182533,0.982094849683777,1.87332331476772,2.72724457950184,3.01723439720692,"N"
"20","Bosutinib","F359V",85.6104001349742,4.63563784115897,0.971561301935967,1.34017091222128,2.54360924341355,2.95371454190717,"N"
"21","Bosutinib","H396P",48.9530933018561,2.69394939703957,0.980034380553373,1.28438732405085,1.98089482717627,2.21884218578947,"N"
"22","Bosutinib","H396R",86.6138606074072,1.31034795075947,0.962834887420557,0.466475506298733,0.750884052767579,0.856382820943082,"N"
"23","Bosutinib","E459K",41.0156170086338,1.73058091117659,0.972490614839233,0.942851148013947,1.37936777931436,1.53054686208977,"N"
"24","Bosutinib","F486S",99.3634109072957,2.83205698769746,0.953122433403964,0.715821567875757,1.41800444207216,1.66610834786413,"N"
"25","Dasatinib","WT",2.4110922123527,2.84363834946737,0.984932763546953,2.96430496498356,3.78689363873367,4.03946944322029,"0"
"26","Dasatinib","M244V",3.35599119592912,1.9962746624824,0.996067078725697,1.86216964824485,2.43863803223731,2.6158598550259,"0"
"27","Dasatinib","L248V",6.95860278975236,1.16372881684708,0.985318374476421,0.830730568630575,1.14937354032472,1.2498996261954,"0"
"28","Dasatinib","G250E",8.07244915574643,1.66309037425669,0.975037164618624,1.07718717902344,1.54808809062831,1.69465769173804,"0"
"29","Dasatinib","Q252H",3.50016540265137,1.60544265127091,0.986444159747855,1.478054856179,1.93950373275655,2.08175749597822,"N"
"30","Dasatinib","Y253F",1.35140483957042,2.04204962787671,0.997443458840315,2.52291244967295,3.11351010279163,3.29487691243132,"N"
"31","Dasatinib","Y253H",5.87566899640315,2.4430781528224,0.991545877481837,1.82273480291626,2.52824829085008,2.74516651389864,"0"
"32","Dasatinib","E255K",5.5311572423361,2.33214948375123,0.987285701029984,1.78716776472983,2.46047007211032,2.66752034976001,"0"
"33","Dasatinib","E255V",8.60919538891723,1.80456725864833,0.966410372088751,1.12705780252266,1.64000637956187,1.79936170916818,"0"
"34","Dasatinib","D276G",1.62465886626522,2.11882879098111,0.990641799138771,2.48772128040537,3.10051221631681,3.28869786477249,"N"
"35","Dasatinib","V299L",13.3260881134572,2.53866620321446,0.983128321653625,1.20860850227982,1.93502387256258,2.16001951725256,"1"
"36","Dasatinib","T315I",9550.90606393389,3.97696295614011,0.95554783508377,4.12806826015155e-10,1.30226213839859e-08,3.75778302266029e-08,"1"
"37","Dasatinib","F317L",13.8800219819206,2.2893607332474,0.995169782128113,1.06468364173255,1.71496045535882,1.91741771538194,"1"
"38","Dasatinib","M351T",3.88049359452201,3.69860559669306,0.992186026383472,3.26881002283267,4.33875478417367,4.66727215349775,"0"
"39","Dasatinib","E355A",3.37500976005862,2.47619859424888,0.981497320277723,2.30396853381956,3.02000981057707,3.23993220058738,"N"
"40","Dasatinib","E355G",2.68622494452719,1.99762866317883,0.991937356538563,2.01121093458371,2.58844257136058,2.76581773350523,"0"
"41","Dasatinib","F359C",3.27041508723961,2.74469150436737,0.99503803868791,2.58236468284349,3.37624040094103,3.62002270089717,"0"
"42","Dasatinib","F359I",3.64529072070914,2.14845194209502,0.983636873094448,1.94453640121816,2.56523223145528,2.75599611373985,"0"
"43","Dasatinib","F359L",1.40637310163683,2.44121290417303,0.989455778245459,2.98346503403386,3.68964070997913,3.90647182736599,"N"
"44","Dasatinib","F359V",3.70811154118283,1.92698967263943,0.990610347253509,1.73408176503877,2.29004333728818,2.4610635392337,"0"
"45","Dasatinib","H396P",2.71154533528833,1.55469809241609,0.982013235619573,1.56286500275892,2.01034182277452,2.14816154006331,"N"
"46","Dasatinib","H396R",12.8045471113847,0.624214350423654,0.924904260837476,0.416046746559154,0.553991845392712,0.59959932869984,"0"
"47","Dasatinib","E459K",2.23943681112713,1.82772336736471,0.99596547761414,1.95120498033166,2.47918192503618,2.64144844226225,"N"
"48","Dasatinib","F486S",5.82706796758794,2.35452464927956,0.985487270511135,1.76351134149596,2.44318193622512,2.65221380857359,"N"
"49","Nilotinib","WT",15.7250574985569,2.11792626672559,0.994166588590751,0.00118980541421413,0.128224829478542,1.08710909957403,"0"
"50","Nilotinib","M244V",26.3320546734503,2.4269232420576,0.974653949280423,0.000149909965219655,0.0378413635962999,0.841555169117303,"0"
"51","Nilotinib","L248V",54.8360189612453,1.3092079406118,0.983561769660537,0.00199055459164327,0.0383910398070569,0.295737746496916,"0"
"52","Nilotinib","G250E",121.561784673635,1.10641169239003,0.964826569220174,0.0018232405368469,0.0225763512962015,0.148267876563729,"0"
"53","Nilotinib","Q252H",44.1499701211571,1.62918672428472,0.988282347824839,0.000812618834909531,0.0329576484471115,0.389629593278807,"N"
"54","Nilotinib","Y253F",50.4467103097658,1.85610047724982,0.993125454893188,0.000274726074651997,0.0191703963568666,0.35894595142408,"N"
"55","Nilotinib","Y253H",720.078177610341,2.47054932774511,0.96231126306603,3.67996780784819e-08,1.08739238522928e-05,0.00112584678862102,"1"
"56","Nilotinib","E255K",92.4291691732998,2.12578999451609,0.964974930641526,2.70368492860289e-05,0.00359270162020974,0.154165361337884,"1"
"57","Nilotinib","E255V",576.892044694508,2.48099943770905,0.973090122899186,5.96073628979001e-08,1.80421226938288e-05,0.00190285374919284,"N"
"58","Nilotinib","D276G",14.9590580081782,1.4373782286742,0.993145676836074,0.00773649557823588,0.16547262958743,0.786003522611541,"0"
"59","Nilotinib","V299L",24.4230381167006,1.88430055338705,0.986324908903124,0.000966525905301829,0.0669569123041054,0.719919304597133,"N"
"60","Nilotinib","T315I",45177.0191875994,3.40943010585775,0.873302481094515,7.40148683083438e-17,1.59502041204519e-13,9.65401832689436e-11,"1"
"61","Nilotinib","F317L",48.2174890456941,1.70216641518982,0.989506164919187,0.000534433239186683,0.025907272471184,0.363836492866218,"0"
"62","Nilotinib","M351T",20.2268097421901,1.85571121101679,0.991283475131165,0.0014972412625701,0.0932814157726555,0.815559133703638,"0"
"63","Nilotinib","E355A",32.2294742949987,1.99615228105584,0.978058001690182,0.000393138528100984,0.0368732838040564,0.595875620832503,"N"
"64","Nilotinib","E355G",25.9052680253364,1.82805572382351,0.989369577751969,0.00103305048605816,0.0632413593076771,0.670731037054248,"N"
"65","Nilotinib","F359C",122.05778711769,2.4354921779003,0.983585434099649,3.4823635078455e-06,0.000947874670822861,0.0813755980130145,"N"
"66","Nilotinib","F359I",103.823548334841,1.54040496235235,0.985049003172882,0.000302364705362972,0.0103366994058445,0.150151660318547,"1"
"67","Nilotinib","F359L",10.9439256116614,1.41534919824286,0.999315334103444,0.0126589682668317,0.232256813300874,0.911182195138433,"N"
"68","Nilotinib","F359V",107.919974752301,2.23087925243402,0.991093937079545,1.20118057641524e-05,0.00203782636556044,0.113439786452429,"1"
"69","Nilotinib","H396P",122.473853603222,1.84269496160244,0.970952259204294,5.64272722562547e-05,0.00390547716586958,0.10632697982377,"N"
"70","Nilotinib","H396R",70.3883861071608,0.734725263400044,0.946428740212894,0.0153409850510297,0.0758979040955729,0.233832685619721,"0"
"71","Nilotinib","E459K",22.6256151755863,1.84623321952236,0.984091300405512,0.00125191614240221,0.0781164663526969,0.74956666531666,"0"
"72","Nilotinib","F486S",61.1931299141819,2.13714428991614,0.99306122593399,6.20667563850295e-05,0.0084053666119566,0.29398507875707,"N"
"73","Imatinib","WT",187.592965906487,2.60520700381399,0.994408860757898,0.000385770064308859,0.166919705904182,0.283628743624477,"0"
"74","Imatinib","M244V",143.821109895218,1.61865283263421,0.971421760743066,0.00759174218067172,0.259214483917934,0.348573162176077,"1"
"75","Imatinib","L248V",816.799955982349,2.33867572404812,0.961156670752919,2.47053015001546e-05,0.00717882674468094,0.013626835058189,"1"
"76","Imatinib","G250E",1829.41515093428,1.86341654219235,0.950217281418221,3.79770558968706e-05,0.00349680932180981,0.00585162346669612,"1"
"77","Imatinib","Q252H",958.192933741063,3.00254595011985,0.954683033332689,1.02856240209539e-06,0.00151265353038595,0.00347722014179371,"1"
"78","Imatinib","Y253F",1055.21321828907,1.85504039394676,0.966237087639469,0.0001097748358185,0.00981146414928275,0.0162788317744847,"1"
"79","Imatinib","Y253H",3929.95746287981,2.03642185023433,0.939868642526224,3.44498012576963e-06,0.000485116371897549,0.000854378293901563,"1"
"80","Imatinib","E255K",1081.97660116693,2.62721178827353,0.939768968924196,3.65144278183664e-06,0.0021551502671053,0.00446065465302014,"1"
"81","Imatinib","E255V",5886.70828771824,6.69974839305012,0.802596040481818,0,1.03392109690212e-11,6.66755539735568e-11,"1"
"82","Imatinib","D276G",236.686493222164,1.78197656636629,0.97906808147288,0.0021534112252231,0.133410846778061,0.197409662390339,"1"
"83","Imatinib","V299L",143.683249748022,1.6570169693821,0.989685038913067,0.00696035842625235,0.260195535655157,0.352066073774213,"N"
"84","Imatinib","T315I",5885.4507051177,7.49614924961806,0.740034806803747,0,5.83533221743493e-13,4.69624339419749e-12,"1"
"85","Imatinib","F317L",428.594318513571,2.19435254919944,0.986239720192691,0.000182865105949207,0.0358366780116696,0.0632623737022866,"1"
"86","Imatinib","M351T",539.384499697309,3.44539705776567,0.961706782394526,1.14622331365395e-06,0.00491906512541999,0.012679015347946,"1"
"87","Imatinib","E355A",358.060002289274,2.23284146715183,0.966688369596443,0.000239478481849098,0.0503993839441088,0.0884243534744284,"1"
"88","Imatinib","E355G",443.696052349418,1.94398366735947,0.987033563244052,0.000402512696069583,0.0425090386201652,0.0699778089579812,"1"
"89","Imatinib","F359C",806.269493507122,3.70373982634632,0.978913508061887,1.00691348479405e-07,0.000814523560558128,0.00227742353719498,"1"
"90","Imatinib","F359I",394.000388339431,2.01292377704253,0.955922146167594,0.000402854053342298,0.0497479902874042,0.0827504774312636,"1"
"91","Imatinib","F359L",NA,NA,NA,NA,NA,NA,"1"
"92","Imatinib","F359V",511.537621078326,3.01722686791732,0.934366920544628,6.42250794370097e-06,0.00966898914290438,0.0219710840053263,"1"
"93","Imatinib","H396P",1482.36931820366,2.45302682699823,0.970887455912799,3.59681467594361e-06,0.00139192781496781,0.00274860308151975,"1"
"94","Imatinib","H396R",399.444086459451,1.26469590633322,0.987717498414532,0.00477766116601913,0.0904979604123858,0.122346734653578,"1"
"95","Imatinib","E459K",256.355121500886,2.00400503532494,0.965028417790952,0.000981192589462892,0.108314922548632,0.171043731093415,"1"
"96","Imatinib","F486S",1287.3599623437,2.81649679051838,0.987857948936536,9.82842605687533e-07,0.000920548753648389,0.00201201170878942,"1"
"97","Ponatinib","WT",1.06778635191329,2.11468067672802,0.993065062667093,0.00222082934306462,2.30295030092452,2.5541917720386,"0"
"98","Ponatinib","M244V",1.52374379999709,1.41914875411182,0.989357755627721,0.00691257413209773,1.38237553745234,1.54900064091099,"0"
"99","Ponatinib","L248V",3.02551146918247,1.59698406267223,0.979391808601632,0.00143592216873949,1.19390357218432,1.37971898593181,"N"
"100","Ponatinib","G250E",4.78939465916947,1.27232661903433,0.985233869095788,0.00241789206522214,0.782399678394227,0.921831733353275,"0"
"101","Ponatinib","Q252H",3.78176079950617,1.89721474619607,0.994785290081667,0.000338402723298092,1.27347149264082,1.49542248338523,"N"
"102","Ponatinib","Y253F",1.03242468484205,1.80573502161658,0.991641390150713,0.00488576398511224,1.98734506241823,2.2016241037246,"N"
"103","Ponatinib","Y253H",4.74443051235505,2.00802376363041,0.984081904535254,0.000143538283890328,1.19754075146797,1.43155238866514,"N"
"104","Ponatinib","E255K",2.63271931612988,1.99293107157054,0.988701671694664,0.000491801607895342,1.57353728641805,1.80896573131701,"0"
"105","Ponatinib","E255V",9.60956213252183,1.71346064928788,0.977086641877987,0.000133507964135124,0.660297018722298,0.842294381803927,"0"
"106","Ponatinib","D276G",1.32426983383309,1.77250084068169,0.99683422316229,0.00340373124224517,1.80432561019787,2.01436406026139,"N"
"107","Ponatinib","V299L",0.877415784907733,2.41447055612932,0.989992136107917,0.00175546787946128,2.78716469851924,3.07418010529428,"0"
"108","Ponatinib","T315I",5.39897221520121,1.48703808232339,0.992925092323743,0.000883670573924144,0.843538771778204,1.00922907656662,"0"
"109","Ponatinib","F317L",1.84121550705656,1.85181295983226,0.993555531598798,0.00151062667819815,1.68222541325099,1.90135268841685,"0"
"110","Ponatinib","M351T",2.09307593703234,3.20709112675519,0.992358351470578,1.93636991086019e-05,2.77268624870086,3.15392715530014,"N"
"111","Ponatinib","E355A",2.27409512883442,1.82513489109059,0.995352891293103,0.00111120935428853,1.53080148126671,1.74617547394576,"0"
"112","Ponatinib","E355G",2.98709699237003,3.01282509715548,0.987725064317902,1.19729937535892e-05,2.24786264109253,2.60580359450788,"N"
"113","Ponatinib","F359C",2.67265411178903,2.16795994250359,0.988284307856252,0.000268626591393324,1.69964899708802,1.95630401950871,"0"
"114","Ponatinib","F359I",3.28594796362278,1.07975573787127,0.978329435703301,0.00759103805040441,0.802586353380005,0.921228857095031,"0"
"115","Ponatinib","F359L",0.596650404862515,2.19746290522157,0.986067163720908,0.00651644825581311,2.81914351955551,3.08036505126025,"N"
"116","Ponatinib","F359V",2.58026795210986,1.26867051772474,0.981533632170201,0.00535119242905931,1.02410849907217,1.1692761090037,"0"
"117","Ponatinib","H396P",1.80155976946731,1.43472254752586,0.992038213921219,0.00522352900961827,1.31852297432853,1.48653315202365,"0"
"118","Ponatinib","H396R",2.65108227916647,2.51840983777256,0.980948362954952,8.67080165203733e-05,1.97970850549758,2.27860552106115,"N"
"119","Ponatinib","E459K",1.62859153107654,1.69975481429109,0.98848460988551,0.00289207659127487,1.61428320199804,1.8151728991738,"0"
"120","Ponatinib","F486S",5.49252395119897,3.08912427049163,0.988917386046396,1.40768681641485e-06,1.67937466512026,2.04519899016266,"N"
